district,thana
Unknown,Unknown
সিরাজগঞ্জ,বেলকুচি
সিরাজগঞ্জ,চৌহালী
সিরাজগঞ্জ,কামারখন্দ
সিরাজগঞ্জ,কাজীপুর
সিরাজগঞ্জ,রায়গঞ্জ
সিরাজগঞ্জ,শাহজাদপুর
সিরাজগঞ্জ,সিরাজগঞ্জ
সিরাজগঞ্জ,তাড়াশ
সিরাজগঞ্জ,উল্লাপাড়া
সিরাজগঞ্জ,সিরাজগঞ্জ সদর
পাবনা,পাবনা সদর
পাবনা,সাথিয়া
পাবনা,বেড়া
পাবনা,সুজানগর
পাবনা,আটঘরিয়া
পাবনা,ভাঙ্গুরা
পাবনা,ফরিদপুর
পাবনা,চাটমোহর
পাবনা,ঈশ্বরদী
রংপুর,বদরগঞ্জ
রংপুর,গঙ্গাছড়া
রংপুর,কাউনিয়া
রংপুর,রংপুর সদর
রংপুর,মিঠাপুকুর
রংপুর,পীরগাছা
রংপুর,পীরগঞ্জ
রংপুর,তারাগঞ্জ
কুড়িগ্রাম,ভুরুঙ্গামারী
কুড়িগ্রাম,চর রাজিবপুর
কুড়িগ্রাম,চিলমারী
কুড়িগ্রাম,ফুলবাড়ী
কুড়িগ্রাম,কুড়িগ্রাম সদর
কুড়িগ্রাম,নাগেশ্বরী
কুড়িগ্রাম,রাজারহাট
কুড়িগ্রাম,রৌমারী
কুড়িগ্রাম,উলিপুর
পঞ্চগড়,পঞ্চগড় সদর
পঞ্চগড়,দেবীগঞ্জ
পঞ্চগড়,বোদা
পঞ্চগড়,আটোয়ারি
পঞ্চগড়,তেতুলিয়া
